run_id,seq,logger_id,temp_raw_C,raw_circle_rad,reference_direction_rad,sigma_rad
A1,1,L4,19.471036,0.4481699457,0.4500064082,0.000018
A1,2,L4,20.900942,0.5430317271,0.5449769176,0.000018
A1,3,L4,22.048956,0.6379184363,0.6400313316,0.000018
A1,4,L4,22.808061,0.7328116899,0.7349777109,0.000018
A1,5,L4,23.108314,0.8277106624,0.8299813038,0.000018
A1,6,L4,22.923518,0.9226613563,0.9250193810,0.000018
A1,7,L4,22.273715,1.0176127245,1.0200175472,0.000018
A1,8,L4,21.223279,1.1125854935,1.1149841494,0.000018
A1,9,L4,19.874776,1.2075850400,1.2099719938,0.000018
A1,10,L4,18.359189,1.3025705589,1.3049840749,0.000018
A1,11,L4,16.823429,1.3975834842,1.3999957429,0.000018
A1,12,L4,15.416331,1.4926069609,1.4950259096,0.000018
A1,13,L4,14.274461,1.5875933411,1.5900054343,0.000018
A1,14,L4,13.509105,1.6825918337,1.6849671852,0.000018
A1,15,L4,13.195652,1.7775656567,1.7800143716,0.000018
A1,16,L4,13.366409,1.8725479212,1.8749967837,0.000018
A1,17,L4,14.007523,1.9674801504,1.9700106584,0.000018
A1,18,L4,15.060302,2.0624095737,2.0650144503,0.000018
A1,19,L4,16.426806,2.1573473743,2.1599781982,0.000018
A1,20,L4,17.979189,2.2523042425,2.2550028785,0.000018
A1,21,L4,19.571883,2.3472442579,2.3499951857,0.000018
A1,22,L4,21.055477,2.4421865447,2.4449887445,0.000018
A1,23,L4,22.290964,2.5371527844,2.5400150024,0.000018
A1,24,L4,23.162984,2.6321604295,2.6349998160,0.000018
A1,25,L4,23.590833,2.7271623179,2.7300102704,0.000018
A1,26,L4,23.536148,2.8221909219,2.8249866918,0.000018
A1,27,L4,23.006568,2.9172558186,2.9200081950,0.000018
A1,28,L4,22.055005,3.0123544437,3.0149755760,0.000018
A1,29,L4,20.774601,3.1074746053,3.1099906748,0.000018
A1,30,L4,19.289844,3.2025957095,3.2049953357,0.000018
A1,31,L4,17.744709,3.2977098153,3.2999929754,0.000018
A1,32,L4,16.288921,3.3928490798,3.3949806363,0.000018
A1,33,L4,15.063692,3.4879525294,3.4899891533,0.000018
A1,34,L4,14.188252,3.5830624753,3.5849809144,0.000018
A1,35,L4,13.748485,3.6781432491,3.6800012094,0.000018
A1,36,L4,13.788740,3.7732369275,3.7749865003,0.000018
A1,37,L4,14.307607,3.8682806058,3.8700032274,0.000018
A1,38,L4,15.258045,3.9633102289,3.9649805945,0.000018
A1,39,L4,16.551873,4.0583387673,4.0599964418,0.000018
A1,40,L4,18.068172,4.1533525279,4.1549958539,0.000018
A1,41,L4,19.664815,4.2483510192,4.2500152588,0.000018
A1,42,L4,21.192014,4.3433508666,4.3449918409,0.000018
A1,43,L4,22.506604,4.4383504211,4.4400069315,0.000018
A1,44,L4,23.485686,4.5333719619,4.5349843979,0.000018
A1,45,L4,24.038348,4.6283972449,4.6299986861,0.000018
A1,46,L4,24.114328,4.7234452151,4.7249943736,0.000018
A1,47,L4,23.708810,4.8185034737,4.8200180082,0.000018
A1,48,L4,22.862877,4.9135736604,4.9149950850,0.000018
A1,49,L4,21.659601,5.0086445301,5.0100077829,0.000018
A1,50,L4,20.216120,5.1037306469,5.1049893513,0.000018
A1,51,L4,18.672469,5.1988143818,5.1999999243,0.000018
A1,52,L4,17.178237,5.2938632959,5.2949925072,0.000018
A1,53,L4,15.878298,5.3889313398,5.3900007616,0.000018
A1,54,L4,14.899004,5.4839821152,5.4850038896,0.000018
A1,55,L4,14.336140,5.5789903399,5.5800044541,0.000018
A1,56,L4,14.245792,5.6739687885,5.6749881233,0.000018
A1,57,L4,14.638999,5.7689222038,5.7700149550,0.000018
A1,58,L4,15.480700,5.8638379756,5.8649737237,0.000018
A2,1,L9,21.233204,5.6493000826,5.6499899445,0.000018
A2,2,L9,22.242419,5.5592777399,5.5600058687,0.000018
A2,3,L9,22.852254,5.4692478640,5.4699796801,0.000018
A2,4,L9,23.006914,5.3792599988,5.3799876549,0.000018
A2,5,L9,22.694001,5.2892638202,5.2899943699,0.000018
A2,6,L9,21.945687,5.1992899136,5.2000173201,0.000018
A2,7,L9,20.835655,5.1093295734,5.1100026757,0.000018
A2,8,L9,19.472072,5.0193624731,5.0200272108,0.000018
A2,9,L9,17.987274,4.9294058330,4.9300151874,0.000018
A2,10,L9,16.525156,4.8394409973,4.8399910359,0.000018
A2,11,L9,15.227449,4.7494518591,4.7500020709,0.000018
A2,12,L9,14.220211,4.6594363994,4.6600217521,0.000018
A2,13,L9,13.601807,4.5694355855,4.5700087607,0.000018
A2,14,L9,13.433536,4.4793959411,4.4800045429,0.000018
A2,15,L9,13.733782,4.3893229389,4.3899986008,0.000018
A2,16,L9,14.476267,4.2992172414,4.2999830310,0.000018
A2,17,L9,15.592550,4.2091299425,4.2099956255,0.000018
A2,18,L9,16.978556,4.1190017379,4.1200144819,0.000018
A2,19,L9,18.504497,4.0288557531,4.0299942389,0.000018
A2,20,L9,20.027244,3.9387304129,3.9399794888,0.000018
A2,21,L9,21.403972,3.8485998333,3.8499936922,0.000018
A2,22,L9,22.505779,3.7584682054,3.7599806914,0.000018
A2,23,L9,23.229968,3.6683788648,3.6699971028,0.000018
A2,24,L9,23.509844,3.5782824194,3.5800033564,0.000018
A2,25,L9,23.321070,3.4882410367,3.4900208536,0.000018
A2,26,L9,22.683985,3.3981825031,3.4000030367,0.000018
A2,27,L9,21.661667,3.3081705583,3.3099895427,0.000018
A2,28,L9,20.353922,3.2181574461,3.2200107659,0.000018
A2,29,L9,18.887763,3.1281850583,3.1300063860,0.000018
A2,30,L9,17.405307,3.0381875748,3.0399753876,0.000018
A2,31,L9,16.050224,2.9482105136,2.9499990513,0.000018
A2,32,L9,14.954042,2.8581862661,2.8600006008,0.000018
A2,33,L9,14.223606,2.7681959683,2.7699915402,0.000018
A2,34,L9,13.930894,2.6781625422,2.6800182249,0.000018
A2,35,L9,14.106155,2.5881525293,2.5899789791,0.000018
A2,36,L9,14.735025,2.4980825142,2.4999791417,0.000018
A2,37,L9,15.759894,2.4080237980,2.4099780796,0.000018
A2,38,L9,17.085403,2.3179633171,2.3200041923,0.000018
A2,39,L9,18.587530,2.2278928825,2.2299940277,0.000018
A2,40,L9,20.125417,2.1378282133,2.1399711578,0.000018
A2,41,L9,21.554796,2.0477788656,2.0499785015,0.000018
A2,42,L9,22.741744,1.9577320652,1.9599960494,0.000018
A2,43,L9,23.575449,1.8677281092,1.8699970484,0.000018
A2,44,L9,23.978776,1.7777361626,1.7800007908,0.000018
A2,45,L9,23.915617,1.6877699216,1.6900195043,0.000018
A2,46,L9,23.394336,1.5978187943,1.5999957443,0.000018
A2,47,L9,22.466974,1.5079176536,1.5099975124,0.000018
A2,48,L9,21.224280,1.4180061572,1.4199969192,0.000018
A2,49,L9,19.787069,1.3281438199,1.3299822989,0.000018
A2,50,L9,18.294697,1.2382460865,1.2400185793,0.000018
A2,51,L9,16.891780,1.1483682956,1.1499833035,0.000018
A2,52,L9,15.714405,1.0584904033,1.0600213645,0.000018
A2,53,L9,14.877159,0.9685819197,0.9700126852,0.000018
A2,54,L9,14.462201,0.8786643598,0.8800324313,0.000018
A2,55,L9,14.511435,0.7887503433,0.7900213747,0.000018
A2,56,L9,15.022510,0.6987785068,0.7000000782,0.000018
A2,57,L9,15.949048,0.6088123165,0.6099721874,0.000018
A2,58,L9,17.205062,0.5188208938,0.5200312963,0.000018
A3,1,L4,19.471036,1.1975816684,1.1999955446,0.000018
A3,2,L4,20.900942,1.4473805551,1.4499905156,0.000018
A3,3,L4,22.048956,1.6972303067,1.7000212560,0.000018
A3,4,L4,22.808061,1.9471064824,1.9500205367,0.000018
A3,5,L4,23.108314,2.1970827526,2.1999908687,0.000018
A3,6,L4,22.923518,1.9779918909,1.9800047206,0.000018
A3,7,L4,22.273715,1.7178847096,1.7199956702,0.000018
A3,8,L4,21.223279,1.4780047233,1.4799694728,0.000018
A3,9,L4,19.874776,1.2481740371,1.2500002254,0.000018
A3,10,L4,18.359189,1.4972543741,1.4999998603,0.000018
A3,11,L4,16.823429,1.7773754740,1.7799700125,0.000018
A3,12,L4,15.416331,2.0574046898,2.0599797304,0.000018
A3,13,L4,14.274461,2.3174540722,2.3199942719,0.000018
A3,14,L4,13.509105,2.0983694516,2.0999870991,0.000018
A3,15,L4,13.195652,1.8382124713,1.8399994066,0.000018
A3,16,L4,13.366409,1.5782800858,1.5800059161,0.000018
A3,17,L4,14.007523,1.3383743814,1.3400086443,0.000018
A3,18,L4,15.060302,1.1984041945,1.1999898237,0.000018
A3,19,L4,16.426806,1.4473348817,1.4499906823,0.000018
A3,20,L4,17.979189,1.6973314315,1.6999989103,0.000018
A3,21,L4,19.571883,1.9472518336,1.9499714772,0.000018
A3,22,L4,21.055477,2.1971682582,2.2000374555,0.000018
A3,23,L4,22.290964,1.9780419536,1.9799767155,0.000018
A3,24,L4,23.162984,1.7178412242,1.7199831027,0.000018
A3,25,L4,23.590833,1.4779024391,1.4799804613,0.000018
A3,26,L4,23.536148,1.2480306610,1.2500000834,0.000018
A3,27,L4,23.006568,1.4970437876,1.4999964187,0.000018
A3,28,L4,22.055005,1.7771623030,1.7800073894,0.000018
A3,29,L4,20.774601,2.0571791092,2.0599725828,0.000018
A3,30,L4,19.289844,2.3172483258,2.3200124042,0.000018
A3,31,L4,17.744709,2.0981831951,2.1000112357,0.000018
A3,32,L4,16.288921,1.8381070406,1.8399599724,0.000018
A3,33,L4,15.063692,1.5781982169,1.5799990122,0.000018
A3,34,L4,14.188252,1.3383548668,1.3399821558,0.000018
A3,35,L4,13.748485,1.1984539987,1.2000056934,0.000018
A3,36,L4,13.788740,1.4474646288,1.4499934702,0.000018
A3,37,L4,14.307607,1.6975010267,1.6999973285,0.000018
A3,38,L4,15.258045,1.9474357060,1.9499922124,0.000018
A3,39,L4,16.551873,2.1973602248,2.2000075172,0.000018
A3,40,L4,18.068172,1.9781996828,1.9800074876,0.000018
A3,41,L4,19.664815,1.7179894125,1.7200012985,0.000018
A3,42,L4,21.192014,1.4779950226,1.4799975106,0.000018
A3,43,L4,22.506604,1.2480601376,1.2499922697,0.000018
A3,44,L4,23.485686,1.4970333773,1.4999888594,0.000018
A3,45,L4,24.038348,1.7770624579,1.7799998565,0.000018
A3,46,L4,24.114328,2.0570343175,2.0600222523,0.000018
A3,47,L4,23.708810,2.3170383625,2.3199980553,0.000018
A3,48,L4,22.862877,2.0979866658,2.0999892685,0.000018
A3,49,L4,21.659601,1.8378723159,1.8400012436,0.000018
A3,50,L4,20.216120,1.5779934158,1.5799846865,0.000018
A3,51,L4,18.672469,1.3381736506,1.3399891263,0.000018
A4,1,L9,21.233204,4.8192337045,4.8199874911,0.000018
A4,2,L9,22.242419,4.5590552053,4.5600226523,0.000018
A4,3,L9,22.852254,4.2988678483,4.3000333653,0.000018
A4,4,L9,23.006914,4.0386832663,4.0400004507,0.000018
A4,5,L9,22.694001,3.7784794648,3.7799916875,0.000018
A4,6,L9,21.945687,3.9977926855,4.0000041170,0.000018
A4,7,L9,20.835655,4.2382288634,4.2399996440,0.000018
A4,8,L9,19.472072,4.4985023829,4.5000034059,0.000018
A4,9,L9,17.987274,4.7587047564,4.7600081812,0.000018
A4,10,L9,16.525156,4.5195128178,4.5200022729,0.000018
A4,11,L9,15.227449,4.2592052640,4.2600195024,0.000018
A4,12,L9,14.220211,4.0190640288,4.0200173440,0.000018
A4,13,L9,13.601807,3.7588557880,3.7599913737,0.000018
A4,14,L9,13.433536,3.9781382261,3.9800003978,0.000018
A4,15,L9,13.733782,4.2185119976,4.2200077538,0.000018
A4,16,L9,14.476267,4.4787029211,4.4799765357,0.000018
A4,17,L9,15.592550,4.7387926525,4.7399809604,0.000018
A4,18,L9,16.978556,4.8187714891,4.8199908063,0.000018
A4,19,L9,18.504497,4.5594193309,4.5600053478,0.000018
A4,20,L9,20.027244,4.2990172107,4.3000224156,0.000018
A4,21,L9,21.403972,4.0387670626,4.0400036820,0.000018
A4,22,L9,22.505779,3.7784957906,3.7799743456,0.000018
A4,23,L9,23.229968,3.9977321549,4.0000041869,0.000018
A4,24,L9,23.509844,4.2381144595,4.2400290631,0.000018
A4,25,L9,23.321070,4.4983326116,4.5000036265,0.000018
A4,26,L9,22.683985,4.7585083516,4.7599808824,0.000018
A4,27,L9,21.661667,4.5193004608,4.5199847038,0.000018
A4,28,L9,20.353922,4.2589918135,4.2600045192,0.000018
A4,29,L9,18.887763,4.0188423220,4.0200003267,0.000018
A4,30,L9,17.405307,3.7587128412,3.7600072599,0.000018
A4,31,L9,16.050224,3.9780164353,3.9800007157,0.000018
A4,32,L9,14.954042,4.2184509454,4.2199921257,0.000018
A4,33,L9,14.223606,4.4787216978,4.4799975336,0.000018
A4,34,L9,13.930894,4.7388730654,4.7400181670,0.000018
A4,35,L9,14.106155,4.8189125484,4.8199949245,0.000018
A4,36,L9,14.735025,4.5595980149,4.5600069183,0.000018
A4,37,L9,15.759894,4.2992177973,4.2999830137,0.000018
A4,38,L9,17.085403,4.0389387348,4.0400124587,0.000018
A4,39,L9,18.587530,3.7786556465,3.7799934071,0.000018
A4,40,L9,20.125417,3.9978610304,3.9999935916,0.000018
A4,41,L9,21.554796,4.2381872492,4.2399861204,0.000018
A4,42,L9,22.741744,4.4983669187,4.5000234071,0.000018
A4,43,L9,23.575449,4.7584756785,4.7600173449,0.000018
A4,44,L9,23.978776,4.5191898989,4.5199890471,0.000018
A4,45,L9,23.915617,4.2588369329,4.2600150549,0.000018
A4,46,L9,23.394336,4.0186529319,4.0200046254,0.000018
A4,47,L9,22.466974,3.7584721981,3.7599969549,0.000018
A4,48,L9,21.224280,3.9778107046,3.9799806321,0.000018
A4,49,L9,19.787069,4.2182629325,4.2200025425,0.000018
A4,50,L9,18.294697,4.4785595663,4.4800022828,0.000018
A4,51,L9,16.891780,4.7387552768,4.7399992042,0.000018
