epoch_id,arc_id,phase_cycles,sigma_cycles
K01,R03,163.928833950450,0.314174829052
K08,R03,163.939715742470,0.314174829052
K03,R07,76.511816603928,0.228894573852
K07,R07,75.618773752240,0.228894573852
K01,R11,102.695309360611,0.207747769767
K07,R11,103.059885338145,0.207747769767
K02,R14,134.383964654447,0.346443855716
K06,R14,133.880005759704,0.346443855716
K03,R19,114.627346138846,0.195694716243
K07,R19,114.938084302200,0.195694716243
K01,R22,119.096134302467,0.300194243334
K06,R22,118.818827456706,0.300194243334
K01,R27,175.079017822778,0.264838759931
K06,R27,175.074876596008,0.264838759931
K02,R31,72.071945966015,0.329521225044
K09,R31,71.654455956484,0.329521225044
K02,R36,77.128858277183,0.221382992577
K07,R36,78.645359462377,0.221382992577
K02,R42,145.064568035076,0.254834357668
K06,R42,146.417245201109,0.254834357668
K03,R47,165.541168580379,0.287404902790
K06,R47,163.690248972321,0.287404902790
K02,R53,98.794283525082,0.365198711063
K06,R53,95.301388908193,0.365198711063
K01,R58,90.099475910293,0.245558283981
K06,R58,90.180208810932,0.245558283981
K03,R64,148.552122128219,0.236933797909
K07,R64,150.408961699079,0.236933797909
K03,R69,82.750444161130,0.275660775093
K07,R69,82.800005528757,0.275660775093
K03,R73,105.814617344195,0.201541197392
K07,R73,107.029418842984,0.201541197392
K01,R81,162.351324028135,0.214348758038
K06,R81,163.665677657042,0.214348758038
K01,R88,95.444040613492,0.386100386100
K07,R88,93.255135931973,0.386100386100
