epoch_id,arc_id,east_los,north_los
K01,R03,0.988370715443,0.152063568469
K08,R03,0.864675155949,0.502331439076
K03,R07,0.804548576369,0.593886848030
K07,R07,0.668772732243,0.743466900815
K01,R11,0.799545445584,0.600605594751
K07,R11,0.567948609377,0.823064017623
K02,R14,0.435302890805,0.900284062536
K06,R14,0.206048900046,0.978541695989
K03,R19,0.010361859282,0.999946314495
K07,R19,-0.229466249576,0.973316618735
K01,R22,-0.216705997928,0.976236913081
K06,R22,-0.495245837328,0.868752876605
K01,R27,-0.499940680007,0.866059649490
K06,R27,-0.712999877207,0.701164157030
K02,R31,-0.825720206589,0.564079906068
K09,R31,-0.976122674669,0.217219989867
K02,R36,-0.942973216105,0.332868613282
K07,R36,-0.997501416157,0.070646477363
K02,R42,-0.999877917775,0.015625285440
K06,R42,-0.976216388111,-0.216798439995
K03,R47,-0.942650874125,-0.333780361184
K06,R47,-0.858759350261,-0.512379135347
K02,R53,-0.851064738167,-0.525060769292
K06,R53,-0.698873414697,-0.715245377636
K01,R58,-0.667648281656,-0.744476844503
K06,R58,-0.436378119118,-0.899763378425
K03,R64,-0.204734462767,-0.978817551822
K07,R64,-0.017907339000,-0.999839650749
K03,R69,0.059394737131,-0.998234574236
K07,R69,0.273085032677,-0.961989898558
K03,R73,0.447390065051,-0.894338934461
K07,R73,0.653728682845,-0.756729019680
K01,R81,0.637687583724,-0.770295102908
K06,R81,0.834986256140,-0.550270798841
K01,R88,0.858566644278,-0.512701977111
K07,R88,0.982453920378,-0.186505480709
