setup_id,seq,target_tag,temp_raw_C,raw_circle_rad,raw_range_m,angle_sigma_rad,range_sigma_m
S3,1,X2,19.360939,5.3258600152,117.940479,0.000020,0.00070
S3,2,X11,20.917806,6.0744053023,94.772654,0.000020,0.00070
S3,3,X8,21.726026,0.4079657858,120.592382,0.000020,0.00070
S3,4,X17,21.619155,6.0643573221,147.853157,0.000020,0.00070
S3,5,X5,20.629199,5.3919888401,58.242496,0.000020,0.00070
S3,6,X14,18.979672,4.7641039463,106.789765,0.000020,0.00070
S3,7,X17,17.037124,6.0638865892,147.854053,0.000020,0.00070
S3,8,X8,15.231654,0.4082326896,120.593609,0.000020,0.00070
S3,9,X11,13.963629,6.0753230935,94.774929,0.000020,0.00070
S3,10,X2,13.516867,5.3261221057,117.941994,0.000020,0.00070
S3,11,X5,13.997085,5.3909221144,58.245937,0.000020,0.00070
S3,12,X14,15.308968,4.7642751875,106.791391,0.000020,0.00070
S3,13,X2,17.176847,5.3253014362,117.941622,0.000020,0.00070
S3,14,X8,19.204476,0.4080649160,120.592642,0.000020,0.00070
S3,15,X5,20.960966,5.3919764158,58.243039,0.000020,0.00070
S3,16,X17,22.074226,6.0636955655,147.852030,0.000020,0.00070
S3,17,X14,22.311662,4.7639832446,106.789142,0.000020,0.00070
S3,18,X11,21.630610,6.0744055013,94.771935,0.000020,0.00070
S3,19,X5,20.187595,5.3920190516,58.243861,0.000020,0.00070
S3,20,X2,18.304383,5.3259431681,117.940115,0.000020,0.00070
S3,21,X14,16.398204,4.7641852635,106.791584,0.000020,0.00070
S3,22,X8,14.891266,0.4082372951,120.594665,0.000020,0.00070
S3,23,X17,14.119198,6.0646470927,147.854630,0.000020,0.00070
S3,24,X11,14.258263,6.0736906439,94.774826,0.000020,0.00070
S8,1,X2,20.426517,1.3113338062,93.471782,0.000020,0.00070
S8,2,X11,21.496846,2.1457949534,104.296650,0.000020,0.00070
S8,3,X8,21.720130,2.5297578102,154.645889,0.000020,0.00070
S8,4,X17,21.056476,2.6117137228,68.197228,0.000020,0.00070
S8,5,X5,19.658337,1.6943135834,135.463790,0.000020,0.00070
S8,6,X14,17.837446,1.2394849801,156.062639,0.000020,0.00070
S8,7,X17,15.997218,2.6119336878,68.199278,0.000020,0.00070
S8,8,X8,14.545260,2.5313475378,154.648519,0.000020,0.00070
S8,9,X11,13.804980,2.1468280829,104.299026,0.000020,0.00070
S8,10,X2,13.945445,1.3122547590,93.474377,0.000020,0.00070
S8,11,X5,14.944725,1.6937993735,135.464612,0.000020,0.00070
S8,12,X14,16.594640,1.2396052016,156.063061,0.000020,0.00070
S8,13,X2,18.545915,1.3107517799,93.473166,0.000020,0.00070
S8,14,X8,20.383918,2.5298294825,154.647452,0.000020,0.00070
S8,15,X5,21.718584,1.6942337543,135.461353,0.000020,0.00070
S8,16,X17,22.269002,2.6116803705,68.196870,0.000020,0.00070
S8,17,X14,21.924336,1.2393014952,156.060854,0.000020,0.00070
S8,18,X11,20.767861,2.1458470558,104.296488,0.000020,0.00070
S8,19,X5,19.058903,1.6944305858,135.463071,0.000020,0.00070
S8,20,X2,17.176603,1.3121080750,93.473449,0.000020,0.00070
S8,21,X14,15.537692,1.2396113745,156.063311,0.000020,0.00070
S8,22,X8,14.506120,2.5300801013,154.648479,0.000020,0.00070
S8,23,X17,14.314126,2.6119995674,68.200052,0.000020,0.00070
S8,24,X11,15.011876,2.1467805193,104.298493,0.000020,0.00070
