logger_id,temp_raw_C,raw_range_m,reference_range_m,sigma_m
L4,14.839695,23.995178,24.000069,0.00035
L4,20.539440,38.993207,38.999904,0.00035
L4,26.239186,57.990764,57.999945,0.00035
L4,18.096692,76.993541,76.999885,0.00035
L4,23.796438,95.991150,95.999861,0.00035
L4,15.653944,118.993860,118.999685,0.00035
L4,21.353690,142.991400,142.999907,0.00035
L4,27.053435,167.988966,167.999847,0.00035
L4,18.910941,195.991575,195.999898,0.00035
L4,24.610687,220.988845,220.999970,0.00035
L9,17.413963,23.994588,24.000019,0.00035
L9,22.920354,38.991865,39.000305,0.00035
L9,15.054081,57.994587,58.000148,0.00035
L9,20.560472,76.992537,76.999924,0.00035
L9,26.066863,95.990154,96.000322,0.00035
L9,18.200590,118.992572,119.000187,0.00035
L9,23.706981,142.990033,142.999819,0.00035
L9,15.840708,167.992931,168.000209,0.00035
L9,21.347099,195.990504,195.999572,0.00035
L9,26.853491,220.988167,221.000293,0.00035
