link_id,from_point,to_point,channel,wrapped_along_m,wrapped_cross_m,sigma_m
L01,M17,M23,R7,0.002604318,-0.004698283,0.00003000
L02,M17,M31,Q4,-0.000257158,-0.001648044,0.00003000
L03,M23,M31,Q4,-0.000524236,0.000575902,0.00003000
L04,M17,M44,R7,-0.002158049,-0.003331464,0.00003000
L05,M31,M44,R7,0.000469370,0.000075227,0.00003000
L06,M23,M44,Q4,0.001713309,-0.000262513,0.00003000
L07,M17,M52,Q4,-0.001193868,-0.003608607,0.00003000
L08,M44,M52,Q4,-0.002716133,0.000285882,0.00003000
L09,M31,M52,R7,0.003967682,-0.000897935,0.00003000
L10,M17,M68,R7,-0.003456028,-0.004524092,0.00003000
L11,M52,M68,Q4,0.002647692,0.001967246,0.00003000
L12,M44,M68,Q4,-0.003325120,-0.000816435,0.00003000
