session,observed_at,instrument,mark,role,u_m,v_m
S14,2026-06-15T08:00:00,I3,P11,control,524.214953,2295.326595
S14,2026-06-15T08:00:00,I3,P27,control,644.331273,2304.086249
S14,2026-06-15T08:00:00,I3,P38,control,565.691252,2434.941932
S14,2026-06-15T08:00:00,I3,M17,monitor,557.225100,2350.771697
S14,2026-06-15T08:00:00,I3,M23,monitor,613.692671,2375.754422
S22,2026-06-16T14:00:00,I8,P27,control,1344.061252,1335.524869
S22,2026-06-16T14:00:00,I8,P38,control,1261.613306,1463.913761
S22,2026-06-16T14:00:00,I8,P46,control,1401.147743,1486.588647
S22,2026-06-16T14:00:00,I8,M23,monitor,1311.314667,1406.216723
S22,2026-06-16T14:00:00,I8,M31,monitor,1334.718223,1453.828924
S22,2026-06-16T14:00:00,I8,M44,monitor,1236.413687,1436.319749
S35,2026-06-16T20:00:00,I3,P27,control,-1600.528030,281.670381
S35,2026-06-16T20:00:00,I3,P38,control,-1733.516533,206.712267
S35,2026-06-16T20:00:00,I3,P46,control,-1748.128959,347.390900
S35,2026-06-16T20:00:00,I3,M31,monitor,-1719.233067,279.151644
S35,2026-06-16T20:00:00,I3,M44,monitor,-1707.405819,179.952636
S35,2026-06-16T20:00:00,I3,M52,monitor,-1668.851926,129.895887
S41,2026-06-17T10:00:00,I3,P11,control,-2852.003405,836.386775
S41,2026-06-17T10:00:00,I3,P27,control,-2942.923983,641.925946
S41,2026-06-17T10:00:00,I3,P38,control,-2978.065360,750.368950
S41,2026-06-17T10:00:00,I3,P59,control,-2942.923983,641.925946
S41,2026-06-17T10:00:00,I3,M44,monitor,-2949.772837,725.944742
S41,2026-06-17T10:00:00,I3,M52,monitor,-2907.096957,679.378062
S41,2026-06-17T10:00:00,I3,M68,monitor,-2894.046200,865.814682
