epoch_id,link_id,head_id,wrapped_a_m,wrapped_b_m,sigma_m
E01,L01,H5,0.002061412,-0.000272461,0.00002500
E01,L02,H8,-0.001802573,0.000155718,0.00002500
E01,L03,H5,-0.000465588,0.001278138,0.00002500
E01,L04,H8,-0.001550755,-0.002249346,0.00002500
E01,L07,H5,-0.002329756,0.001855944,0.00002500
E01,L10,H8,-0.000683385,-0.001410622,0.00002500
E02,L01,H8,0.000445271,0.002138842,0.00002500
E02,L02,H5,0.001133669,-0.002108092,0.00002500
E02,L03,H8,0.001500518,0.002388525,0.00002500
E02,L05,H8,0.000929743,-0.000557872,0.00002500
E02,L08,H5,-0.001711597,0.000901986,0.00002500
E02,L11,H8,-0.001723399,0.002350452,0.00002500
E03,L01,H5,-0.000886874,-0.000737222,0.00002500
E03,L02,H8,0.000726528,0.001821926,0.00002500
E03,L04,H8,-0.000584129,-0.001334111,0.00002500
E03,L06,H8,-0.000293225,0.002664742,0.00002500
E03,L09,H5,0.000260583,-0.002075272,0.00002500
E03,L12,H8,0.001145177,0.000209771,0.00002500
E04,L01,H8,-0.001731724,-0.002021804,0.00002500
E04,L02,H5,0.000079236,0.002324502,0.00002500
E04,L05,H8,-0.000623892,0.002127272,0.00002500
E04,L07,H8,0.000332560,0.001685146,0.00002500
E04,L10,H5,0.001667391,0.002325829,0.00002500
E04,L11,H8,-0.001842108,0.001791045,0.00002500
E05,L01,H5,-0.002015695,0.000559994,0.00002500
E05,L02,H8,0.000140645,-0.001500064,0.00002500
E05,L03,H5,-0.000535653,0.001605112,0.00002500
E05,L06,H8,0.000291148,-0.000491481,0.00002500
E05,L08,H8,-0.001556641,-0.001749123,0.00002500
E05,L12,H8,-0.001723888,-0.000956039,0.00002500
E06,L01,H8,-0.001498789,-0.001652689,0.00002500
E06,L02,H5,-0.000915369,0.000338505,0.00002500
E06,L04,H5,0.002079013,0.000647049,0.00002500
E06,L05,H8,0.001201650,0.000346384,0.00002500
E06,L09,H8,0.001820862,0.001142871,0.00002500
E06,L11,H8,-0.001574367,-0.001622667,0.00002500
E07,L01,H5,0.002153460,-0.001207951,0.00002500
E07,L02,H8,-0.001016137,0.001774971,0.00002500
E07,L03,H5,-0.001796405,0.002103834,0.00002500
E07,L07,H5,0.002334629,0.001211707,0.00002500
E07,L10,H8,-0.001305141,-0.001496193,0.00002500
E07,L12,H8,-0.001690747,0.002391377,0.00002500
E08,L01,H8,0.000637429,0.001090033,0.00002500
E08,L02,H5,0.001645818,-0.000607215,0.00002500
E08,L05,H8,-0.000784696,0.000181693,0.00002500
E08,L06,H5,0.000974919,-0.000194932,0.00002500
E08,L08,H5,-0.001216866,0.000377629,0.00002500
E08,L11,H8,-0.000943017,0.001982166,0.00002500
